metric,standard,modified
mean_intensity_mean,0.10781389278503566,0.10876322493564314
mean_intensity_std,0.035263609508516994,0.035664111103395686
centroid_dist_mean,0.38754618692038095,1.184766962110255
centroid_dist_std,0.14161320157296076,0.33971938984224104
skew_mean,-0.36798480835342506,-0.0899562324288305
skew_std,1.1928056867376478,0.7631304330054914
